Subreddit,Symbol,done
xmrtrader,XMR,1
btc,BCH,1
CryptoCurrency,0,0
BitcoinMarkets,BTC,0
CryptoMarkets,0,0
CryptoTechnology,0,0
ethtrader,ETH,0
Bitcoin,BTC,0
ethereum,ETH,0
Ripple,XRP,0
Bitcoincash,BCH,0
litecoin,LTC,0
cardano,ADA,0
NEO,NEO,0
Stellar,XLM,0
eos,EOS,0
Monero,XMR,0
dashpay,DASH,0
Iota,MIOTA,0
nem,XEM,0
Tronix,TRX,0
Vechain,VEN,0
EthereumClassic,ETC,0
Lisk,LSK,0
nanocurrency,NANO,0
omise_go,OMG,0
Qtum,QTUM,0
BinanceExchange,BNB,0
helloicon,ICX,0
digix,DGD,0
steemit,STEEM,0
Wavesplatform,WAVES,0
BytecoinBCN,BCN,0
vergecurrency,XVG,0
stratisplatform,STRAT,0
MakerDAO,MKR,0
RChain,RHOC,0
dogecoin,DOGE,0
OntologyNetwork,ONT,0
siacoin,SC,0
BitShares,BTS,0
decred,DCR,0
Aeternity,AE,0
statusim,SNT,0
Augur,REP,0
BytomBlockchain,BTM,0
waltonchain,WTC,0
komodoplatform,KMD,0
Ardor,ARDR,0
zilliqa,ZIL,0
ArkEcosystem,ARK,0
AionNetwork,AION,0
0xProject,ZRX,0
hcash,HSR,0
Electroneum,ETN,0
monacoin,MONA,0
Digibyte,DGB,0
pivx,PIVX,0
kucoin,KCS,0
ethos_io,ETHOS,0
GolemProject,GNT,0
factom,FCT,0
SysCoin,SYS,0
BATProject,BAT,0
revain_org,R,0
LiquidQASH,QASH,0
drgn,DRGN,0
loopringorg,LRC,0
nebulas,NAS,0
FunfairTech,FUN,0
GXS,GXS,0
IOStoken,IOST,0
reddCoin,RDD,0
zcoin,XZC,0
kybernetwork,KNC,0
Dentacoin,DCN,0
EmerCoin,EMC,0
KinFoundation,KIN,0
PowerLedger,POWR,0
smartcash,SMART,0
PolymathNetwork,POLY,0
Neblio,NEBL,0
Particl,PART,0
NXT,NXT,0
safenetwork,MAID,0
Bancor,BNT,0
TenX,PAY,0
ByteBall,GBYTE,0
NucleusVision,NCASH,0
nexusearth,NXS,0
dentcoin,DENT,0
RequestNetwork,REQ,0
SirinLabs,SRN,0
ICONOMI,ICN,0
Cindicator,CND,0
bitcore_btx,BTX,0
PillarProject,PLR,0
enigmacatalyst,ENG,0
decentraland,MANA,0
storj,STORJ,0
theblocknet,BLOCK,0
SingularityNet,AGI,0
SubstratumNetwork,SUB,0
bitcoindark,BTCD,0
minexcoin,MNX,0
gnosisPM,GNO,0
Achain_Official,ACT,0
vertcoin,VTC,0
genesisvision,GVT,0
civicplatform,CVC,0
raidennetwork,RDN,0
stormtoken,STORM,0
Quantstamp,QSP,0
thetatoken,THETA,0
iexec,RLC,0
EnjinCoin,ENJ,0
MonacoCard,MCO,0
GameCreditsCrypto,GAME,0
MetalPay,MTL,0
SkycoinProject,SKY,0
GenaroNetwork,GNX,0
PayPie,PPP,0
Ubiq,UBQ,0
ZenSys,ZEN,0
WAX_io,WAX,0
NavCoin,NAV,0
poetproject,POE,0
arcblock,ABT,0
digitalNote,XDN,0
Asch_Platform,XAS,0
Oyster,PRL,0
TimeNewBank,TNB,0
einsteinium,EMC2,0
CreditsOfficial,CS,0
HPBtrader,HPB,0
nulsservice,NULS,0
ETHLend,LEND,0
MediBloc,MED,0
SophiaTXproject,SPHTX,0
AdEx,ADX,0
TheBigXP,XP,0
Bluzelle,BLZ,0
Edgeless,EDG,0
FusionFoundation,FSN,0
blockv,VEE,0
cryptotwenty,C20,0
FeatherCOin,FTC,0
SpankChain,SPANK,0
streamr,DATA,0
Simple_Token,OST,0
Bibox,BIX,0
JibrelNetwork,JNT,0
SONM,SNM,0
RipioCreditNetwork,RCN,0
BitBay,BAY,0
Telcoin,TEL,0
peercoin,PPC,0
Wagerr,WGR,0
RedPulseToken,RPX,0
XtraBYtes,XBY,0
OriginTrail,TRAC,0
VibeHub,VIBE,0
QRL,QRL,0
Universa_Blockchain,UTNP,0
ambrosus,AMB,0
htmlcoin_community,HTML,0
WingsDAO,WINGS,0
InkLabsFoundation,INK,0
eidoo,EDO,0
taasfund,TAAS,0
AirSwap,AST,0
melonproject,MLN,0
SingularDTV,SNGLS,0
lbry,LBC,0
AppcoinsProtocol,APPC,0
iotchain,ITC,0
burstcoin,BURST,0
INS_Ecosystem,INS,0
counterparty_xcp,XCP,0
blockmason,BCPT,0
WePowerNetwork,WPR,0
Cloak_Coin,CLOAK,0
DeepBrainChain,DBC,0
BRDapp,BRD,0
CyberMiles,CMT,0
UTRUST_Official,UTK,0
KICKICO_Platform,KICK,0
etherparty,FUEL,0
WabiToken,WABI,0
groestlcoin,GRS,0
MobiusNetwork,MOBI,0
TrinityTNC,TNC,0
viacoin,VIA,0
Crypterium,CRPT,0
modum_io,MOD,0
Unobtanium,UNO,0
HorizonState,HST,0
district0x,DNT,0
Lunyr,LUN,0
GBXCommunity,RKT,0
tierion,TNT,0
Aeon,AEON,0
lykke,LKK,0
Humaniq,HMQ,0
potcoin,POT,0
Synereo,AMP,0
Crown,CRW,0
pepetraders,PEPECASH,0
cpchain,CPC,0
indaHash,IDH,0
HiveProject_net,HVN,0
TokenCard,TKN,0
